Order ID,Status
65,Returned
612,Returned
614,Returned
678,Returned
710,Returned
740,Returned
775,Returned
833,Returned
902,Returned
3300,Returned
3456,Returned
3525,Returned
3589,Returned
3687,Returned
3777,Returned
3783,Returned
4006,Returned
4037,Returned
4230,Returned
4261,Returned
4391,Returned
4610,Returned
4738,Returned
4864,Returned
4960,Returned
5028,Returned
5059,Returned
5061,Returned
5189,Returned
5381,Returned
5414,Returned
5511,Returned
5699,Returned
6054,Returned
6241,Returned
6272,Returned
6498,Returned
6500,Returned
6502,Returned
6661,Returned
6695,Returned
6757,Returned
6978,Returned
6979,Returned
7079,Returned
7107,Returned
7203,Returned
7269,Returned
7364,Returned
7521,Returned
7744,Returned
7812,Returned
7815,Returned
7841,Returned
7845,Returned
8034,Returned
8133,Returned
8292,Returned
8293,Returned
8353,Returned
8961,Returned
9027,Returned
9093,Returned
9152,Returned
9219,Returned
9472,Returned
9574,Returned
9696,Returned
9701,Returned
9762,Returned
9829,Returned
9895,Returned
9923,Returned
9927,Returned
10054,Returned
10183,Returned
10498,Returned
10662,Returned
10917,Returned
11271,Returned
11396,Returned
11425,Returned
11426,Returned
11648,Returned
11652,Returned
11682,Returned
11748,Returned
11909,Returned
11911,Returned
12005,Returned
12067,Returned
12096,Returned
12262,Returned
12263,Returned
12389,Returned
12451,Returned
12483,Returned
12580,Returned
12613,Returned
12704,Returned
12706,Returned
12710,Returned
12806,Returned
12900,Returned
12903,Returned
13091,Returned
13158,Returned
13218,Returned
13284,Returned
13410,Returned
13444,Returned
13638,Returned
13729,Returned
13765,Returned
13959,Returned
13984,Returned
13986,Returned
14176,Returned
14242,Returned
14406,Returned
14497,Returned
14528,Returned
14534,Returned
14820,Returned
14951,Returned
15009,Returned
15106,Returned
15202,Returned
15206,Returned
15303,Returned
15712,Returned
15718,Returned
15778,Returned
15872,Returned
15904,Returned
16134,Returned
16582,Returned
16641,Returned
16679,Returned
16864,Returned
16961,Returned
17058,Returned
17155,Returned
17255,Returned
17282,Returned
17313,Returned
17508,Returned
17668,Returned
17858,Returned
17985,Returned
17988,Returned
18119,Returned
18215,Returned
18336,Returned
18496,Returned
18533,Returned
18593,Returned
18661,Returned
18689,Returned
18753,Returned
18822,Returned
18919,Returned
19010,Returned
19078,Returned
19138,Returned
19523,Returned
19616,Returned
19718,Returned
20036,Returned
20134,Returned
20389,Returned
20453,Returned
20480,Returned
20486,Returned
20704,Returned
20743,Returned
20864,Returned
20899,Returned
20934,Returned
21222,Returned
21286,Returned
21346,Returned
21383,Returned
21729,Returned
21824,Returned
21890,Returned
22181,Returned
22402,Returned
22627,Returned
22656,Returned
22661,Returned
22787,Returned
22820,Returned
22947,Returned
22950,Returned
23076,Returned
23168,Returned
23488,Returned
23557,Returned
23559,Returned
23616,Returned
23619,Returned
23748,Returned
24066,Returned
24519,Returned
24707,Returned
24902,Returned
25095,Returned
25152,Returned
25157,Returned
25478,Returned
25479,Returned
25735,Returned
25799,Returned
25828,Returned
25952,Returned
26240,Returned
26372,Returned
26784,Returned
26852,Returned
26881,Returned
26982,Returned
27137,Returned
27490,Returned
27712,Returned
27744,Returned
27750,Returned
28003,Returned
28037,Returned
28291,Returned
28387,Returned
28419,Returned
28455,Returned
28544,Returned
28928,Returned
29095,Returned
29318,Returned
29376,Returned
29380,Returned
29410,Returned
29505,Returned
29506,Returned
29861,Returned
29991,Returned
30176,Returned
30403,Returned
30469,Returned
31073,Returned
31232,Returned
31303,Returned
31682,Returned
31844,Returned
31907,Returned
32036,Returned
32582,Returned
32901,Returned
32931,Returned
32966,Returned
32996,Returned
32998,Returned
33283,Returned
33317,Returned
33477,Returned
33510,Returned
33541,Returned
33637,Returned
33921,Returned
34117,Returned
34209,Returned
34338,Returned
34532,Returned
34658,Returned
34661,Returned
34689,Returned
34916,Returned
35047,Returned
35110,Returned
35111,Returned
35137,Returned
35366,Returned
35492,Returned
35554,Returned
35588,Returned
35687,Returned
35744,Returned
35877,Returned
35910,Returned
35936,Returned
36038,Returned
36067,Returned
36160,Returned
36262,Returned
36449,Returned
36609,Returned
36676,Returned
36679,Returned
36705,Returned
36707,Returned
36743,Returned
36772,Returned
36773,Returned
36932,Returned
36934,Returned
36992,Returned
36994,Returned
36998,Returned
36999,Returned
37250,Returned
37380,Returned
37414,Returned
37572,Returned
37760,Returned
37860,Returned
37862,Returned
37924,Returned
38050,Returned
38210,Returned
38240,Returned
38272,Returned
38400,Returned
38530,Returned
38596,Returned
38661,Returned
38787,Returned
39043,Returned
39075,Returned
39169,Returned
39333,Returned
39490,Returned
39555,Returned
39619,Returned
39872,Returned
39904,Returned
39943,Returned
40097,Returned
40132,Returned
40134,Returned
40160,Returned
40354,Returned
40802,Returned
40806,Returned
41059,Returned
41120,Returned
41186,Returned
41216,Returned
41508,Returned
41760,Returned
41861,Returned
42342,Returned
42375,Returned
42436,Returned
42563,Returned
42628,Returned
42788,Returned
42823,Returned
42850,Returned
42912,Returned
42945,Returned
43138,Returned
43140,Returned
43203,Returned
43269,Returned
43488,Returned
43494,Returned
43585,Returned
43713,Returned
44098,Returned
44292,Returned
44486,Returned
44579,Returned
44583,Returned
44869,Returned
44962,Returned
45127,Returned
45605,Returned
45632,Returned
45698,Returned
45767,Returned
45794,Returned
45863,Returned
46052,Returned
46276,Returned
46311,Returned
46341,Returned
46375,Returned
46497,Returned
46662,Returned
46852,Returned
47078,Returned
47079,Returned
47109,Returned
47138,Returned
47174,Returned
47265,Returned
47271,Returned
47457,Returned
47494,Returned
47620,Returned
47621,Returned
47813,Returned
47876,Returned
47910,Returned
48293,Returned
48295,Returned
48321,Returned
48353,Returned
48391,Returned
48448,Returned
48486,Returned
48487,Returned
48615,Returned
48710,Returned
48773,Returned
48775,Returned
48931,Returned
49026,Returned
49027,Returned
49123,Returned
49255,Returned
49349,Returned
49412,Returned
49510,Returned
49668,Returned
49762,Returned
49797,Returned
49830,Returned
49924,Returned
49988,Returned
50048,Returned
50081,Returned
50083,Returned
50087,Returned
50147,Returned
50246,Returned
50307,Returned
50374,Returned
50432,Returned
50501,Returned
50564,Returned
50566,Returned
50663,Returned
50721,Returned
50789,Returned
50818,Returned
50823,Returned
50850,Returned
50914,Returned
51075,Returned
51239,Returned
51271,Returned
51302,Returned
51553,Returned
51554,Returned
51559,Returned
51876,Returned
51879,Returned
51940,Returned
52035,Returned
52068,Returned
52258,Returned
52288,Returned
52327,Returned
52518,Returned
52608,Returned
52611,Returned
52678,Returned
52805,Returned
53285,Returned
53536,Returned
53600,Returned
53767,Returned
54086,Returned
54119,Returned
54151,Returned
54215,Returned
54243,Returned
54245,Returned
54339,Returned
54368,Returned
54371,Returned
54563,Returned
54595,Returned
54721,Returned
54755,Returned
54787,Returned
54914,Returned
55172,Returned
55203,Returned
55235,Returned
55330,Returned
55526,Returned
55616,Returned
55618,Returned
55623,Returned
55747,Returned
55776,Returned
55808,Returned
55874,Returned
55877,Returned
55968,Returned
56101,Returned
56128,Returned
56257,Returned
56387,Returned
56452,Returned
56514,Returned
56582,Returned
56612,Returned
56768,Returned
56769,Returned
56868,Returned
56901,Returned
56930,Returned
56931,Returned
57157,Returned
57190,Returned
57248,Returned
57253,Returned
57440,Returned
57510,Returned
57600,Returned
57638,Returned
57986,Returned
58368,Returned
58372,Returned
58470,Returned
58500,Returned
58566,Returned
58688,Returned
58720,Returned
58725,Returned
58818,Returned
58949,Returned
59009,Returned
59047,Returned
59072,Returned
59139,Returned
59171,Returned
59585,Returned
59652,Returned
59680,Returned
59683,Returned
59776,Returned
59879,Returned
59937,Returned
123132,Returned
123166,Returned
123194,Returned
123258,Returned
123323,Returned
123359,Returned
123481,Returned
123483,Returned
123487,Returned
123512,Returned
123614,Returned
123769,Returned
123801,Returned
123802,Returned
123807,Returned
123837,Returned
123870,Returned
123902,Returned
123928,Returned
123994,Returned
124031,Returned
124059,Returned
124060,Returned
124154,Returned
124282,Returned
124286,Returned
124287,Returned
124345,Returned
124444,Returned
124507,Returned
124538,Returned
124701,Returned
124761,Returned
124799,Returned
124892,Returned
124921,Returned
124985,Returned
124988,Returned
124991,Returned
125149,Returned
125150,Returned
125240,Returned
125339,Returned
125373,Returned
125374,Returned
125433,Returned
125467,Returned
125503,Returned
125560,Returned
125562,Returned
125631,Returned
125659,Returned
125754,Returned
125818,Returned
125882,Returned
125883,Returned
125885,Returned
125947,Returned
125976,Returned
126046,Returned
126108,Returned
126169,Returned
126235,Returned
126297,Returned
126300,Returned
126393,Returned
126456,Returned
126459,Returned
126488,Returned
126521,Returned
126585,Returned
126654,Returned
126680,Returned
126777,Returned
126783,Returned
126814,Returned
126877,Returned
126905,Returned
126907,Returned
126973,Returned
127324,Returned
127516,Returned
127545,Returned
127612,Returned
127737,Returned
127769,Returned
127773,Returned
127774,Returned
127870,Returned
128028,Returned
128061,Returned
128284,Returned
128316,Returned
128381,Returned
128504,Returned
128509,Returned
128510,Returned
128735,Returned
128765,Returned
128767,Returned
128830,Returned
128925,Returned
128984,Returned
129018,Returned
129053,Returned
129182,Returned
129241,Returned
129246,Returned
129272,Returned
129279,Returned
129310,Returned
129336,Returned
129339,Returned
129368,Returned
129369,Returned
129433,Returned
129501,Returned
129592,Returned
129727,Returned
129753,Returned
129791,Returned
129850,Returned
129854,Returned
129918,Returned
129947,Returned
129979,Returned
130015,Returned
130042,Returned
130077,Returned
130079,Returned
130110,Returned
130174,Returned
130267,Returned
130429,Returned
130430,Returned
130489,Returned
130623,Returned
130746,Returned
130776,Returned
130840,Returned
130845,Returned
130905,Returned
130936,Returned
131039,Returned
131101,Returned
131130,Returned
131133,Returned
131288,Returned
131294,Returned
131450,Returned
131614,Returned
131642,Returned
131773,Returned
131802,Returned
131835,Returned
131901,Returned
131960,Returned
131998,Returned
132024,Returned
132062,Returned
132091,Returned
132093,Returned
132095,Returned
132127,Returned
132152,Returned
132221,Returned
132222,Returned
132248,Returned
132281,Returned
132347,Returned
132350,Returned
132472,Returned
132573,Returned
132669,Returned
132733,Returned
132794,Returned
132857,Returned
132863,Returned
132894,Returned
133052,Returned
133081,Returned
133144,Returned
133247,Returned
133277,Returned
133305,Returned
133306,Returned
133310,Returned
133369,Returned
133627,Returned
133662,Returned
133722,Returned
133819,Returned
133851,Returned
133884,Returned
133917,Returned
133919,Returned
133951,Returned
133979,Returned
134011,Returned
134111,Returned
134202,Returned
134271,Returned
134398,Returned
134425,Returned
134431,Returned
134553,Returned
134648,Returned
134651,Returned
134745,Returned
134779,Returned
134782,Returned
134808,Returned
134846,Returned
134908,Returned
134943,Returned
135005,Returned
135037,Returned
135160,Returned
135194,Returned
135224,Returned
135320,Returned
135356,Returned
135389,Returned
135420,Returned
135480,Returned
135612,Returned
135613,Returned
135643,Returned
135707,Returned
135806,Returned
135867,Returned
135871,Returned
135897,Returned
136121,Returned
136158,Returned
136252,Returned
136378,Returned
136440,Returned
136444,Returned
136476,Returned
136507,Returned
136537,Returned
136572,Returned
136606,Returned
136607,Returned
136765,Returned
136795,Returned
136825,Returned
136861,Returned
136889,Returned
136894,Returned
136988,Returned
137021,Returned
137113,Returned
137272,Returned
137275,Returned
137406,Returned
137471,Returned
137497,Returned
137500,Returned
137530,Returned
137534,Returned
137535,Returned
137596,Returned
137630,Returned
137755,Returned
137756,Returned
137785,Returned
137819,Returned
137981,Returned
138009,Returned
138040,Returned
138075,Returned
138078,Returned
138142,Returned
138234,Returned
138303,Returned
138428,Returned
138616,Returned
138619,Returned
138687,Returned
138712,Returned
138714,Returned
138719,Returned
138744,Returned
138751,Returned
138872,Returned
139065,Returned
139100,Returned
139128,Returned
139132,Returned
139160,Returned
139165,Returned
139231,Returned
139291,Returned
139326,Returned
139451,Returned
139643,Returned
139775,Returned
139802,Returned
139807,Returned
139864,Returned
140024,Returned
140187,Returned
140255,Returned
140286,Returned
140312,Returned
140376,Returned
140381,Returned
140409,Returned
140506,Returned
140507,Returned
140510,Returned
140568,Returned
140571,Returned
140632,Returned
140636,Returned
140670,Returned
140698,Returned
140799,Returned
140862,Returned
140985,Returned
141049,Returned
141144,Returned
141147,Returned
141178,Returned
141179,Returned
141244,Returned
141375,Returned
141432,Returned
141465,Returned
141471,Returned
141500,Returned
141531,Returned
141533,Returned
141595,Returned
141598,Returned
141661,Returned
141758,Returned
141822,Returned
141852,Returned
141855,Returned
141884,Returned
141917,Returned
141946,Returned
142047,Returned
142073,Returned
142111,Returned
142139,Returned
142175,Returned
142365,Returned
142521,Returned
142523,Returned
142557,Returned
142584,Returned
142617,Returned
142716,Returned
142718,Returned
142744,Returned
142840,Returned
142905,Returned
143003,Returned
143032,Returned
143036,Returned
143038,Returned
143193,Returned
143259,Returned
143261,Returned
143263,Returned
143325,Returned
143384,Returned
143450,Returned
143519,Returned
143577,Returned
143679,Returned
143706,Returned
143773,Returned
143838,Returned
143898,Returned
143995,Returned
144121,Returned
144125,Returned
144159,Returned
144190,Returned
144286,Returned
144318,Returned
144382,Returned
144442,Returned
144444,Returned
144445,Returned
144479,Returned
144573,Returned
144574,Returned
144605,Returned
144606,Returned
144634,Returned
144636,Returned
144670,Returned
144702,Returned
144766,Returned
144824,Returned
144827,Returned
144859,Returned
144862,Returned
144890,Returned
144894,Returned
145117,Returned
145181,Returned
145183,Returned
145208,Returned
145212,Returned
145279,Returned
145338,Returned
145342,Returned
145371,Returned
145375,Returned
145563,Returned
145626,Returned
145818,Returned
145916,Returned
145947,Returned
145950,Returned
146076,Returned
146170,Returned
146232,Returned
146271,Returned
146297,Returned
146328,Returned
146426,Returned
146489,Returned
146685,Returned
146713,Returned
146745,Returned
146778,Returned
146782,Returned
146812,Returned
146906,Returned
146971,Returned
147033,Returned
147066,Returned
147099,Returned
147102,Returned
147197,Returned
147199,Returned
147231,Returned
147260,Returned
147384,Returned
147452,Returned
147486,Returned
147546,Returned
147643,Returned
147646,Returned
147672,Returned
147743,Returned
147775,Returned
147804,Returned
147869,Returned
147871,Returned
147993,Returned
147996,Returned
148031,Returned
148056,Returned
148092,Returned
148095,Returned
148254,Returned
148280,Returned
148347,Returned
148536,Returned
148634,Returned
148669,Returned
148697,Returned
148767,Returned
148952,Returned
149050,Returned
149053,Returned
149054,Returned
149084,Returned
149144,Returned
149176,Returned
149272,Returned
149368,Returned
149407,Returned
149469,Returned
149627,Returned
149657,Returned
149658,Returned
149660,Returned
149661,Returned
149691,Returned
149852,Returned
149947,Returned
149976,Returned
149981,Returned
150105,Returned
150109,Returned
150138,Returned
150141,Returned
150169,Returned
150205,Returned
150232,Returned
150264,Returned
150265,Returned
150299,Returned
150364,Returned
150527,Returned
150557,Returned
150622,Returned
150680,Returned
150780,Returned
150843,Returned
150844,Returned
150904,Returned
150909,Returned
150936,Returned
150938,Returned
151135,Returned
151228,Returned
151290,Returned
151354,Returned
151387,Returned
151420,Returned
151455,Returned
151519,Returned
151611,Returned
151641,Returned
151738,Returned
151802,Returned
151901,Returned
151933,Returned
152028,Returned
152121,Returned
152219,Returned
152221,Returned
152249,Returned
152282,Returned
152286,Returned
152287,Returned
152317,Returned
152346,Returned
152382,Returned
152504,Returned
152510,Returned
152667,Returned
152761,Returned
152826,Returned
152895,Returned
152957,Returned
152958,Returned
153016,Returned
153081,Returned
153144,Returned
153149,Returned
153151,Returned
153310,Returned
153403,Returned
153433,Returned
153564,Returned
153567,Returned
153726,Returned
153757,Returned
153759,Returned
153784,Returned
153786,Returned
153851,Returned
153915,Returned
154040,Returned
154072,Returned
154171,Returned
154233,Returned
154237,Returned
154552,Returned
154619,Returned
154620,Returned
154650,Returned
154684,Returned
154687,Returned
154751,Returned
154845,Returned
154876,Returned
154878,Returned
155069,Returned
155131,Returned
155295,Returned
155323,Returned
155418,Returned
155420,Returned
155451,Returned
155455,Returned
155519,Returned
155641,Returned
155647,Returned
155675,Returned
155741,Returned
155800,Returned
155804,Returned
155834,Returned
155868,Returned
155929,Returned
155999,Returned
156031,Returned
156090,Returned
156126,Returned
156159,Returned
156184,Returned
156186,Returned
156189,Returned
156219,Returned
156220,Returned
156287,Returned
156477,Returned
156478,Returned
156541,Returned
156568,Returned
156604,Returned
156605,Returned
156606,Returned
156729,Returned
156862,Returned
156987,Returned
156988,Returned
157087,Returned
157180,Returned
157215,Returned
157337,Returned
157338,Returned
157400,Returned
157402,Returned
157406,Returned
157435,Returned
157438,Returned
157497,Returned
157499,Returned
157562,Returned
157565,Returned
157597,Returned
157659,Returned
157689,Returned
157753,Returned
157791,Returned
157822,Returned
157853,Returned
157882,Returned
157979,Returned
158047,Returned
158110,Returned
158136,Returned
158139,Returned
158173,Returned
158200,Returned
158300,Returned
158302,Returned
158430,Returned
158492,Returned
158494,Returned
158584,Returned
158590,Returned
158652,Returned
158684,Returned
158713,Returned
158875,Returned
158878,Returned
158908,Returned
158968,Returned
159034,Returned
159068,Returned
159099,Returned
159103,Returned
159196,Returned
159292,Returned
159387,Returned
159484,Returned
159640,Returned
159646,Returned
159838,Returned
159866,Returned
159992,Returned
159997,Returned
160025,Returned
160095,Returned
160127,Returned
160188,Returned
160218,Returned
160315,Returned
160348,Returned
160380,Returned
160414,Returned
160441,Returned
160447,Returned
160543,Returned
160667,Returned
160668,Returned
160734,Returned
160762,Returned
160825,Returned
160860,Returned
160861,Returned
160891,Returned
160924,Returned
161080,Returned
161087,Returned
161210,Returned
161212,Returned
161304,Returned
161310,Returned
161340,Returned
161369,Returned
161437,Returned
161466,Returned
161531,Returned
161599,Returned
161657,Returned
161661,Returned
161693,Returned
161786,Returned
161791,Returned
161848,Returned
161917,Returned
161944,Returned
161948,Returned
161950,Returned
162043,Returned
162078,Returned
162235,Returned
162238,Returned
162265,Returned
162266,Returned
162330,Returned
162331,Returned
162335,Returned
162586,Returned
162590,Returned
162650,Returned
162654,Returned
162655,Returned
162683,Returned
162744,Returned
162745,Returned
162812,Returned
162937,Returned
162943,Returned
163005,Returned
163006,Returned
163101,Returned
163102,Returned
163131,Returned
163193,Returned
163259,Returned
163261,Returned
163357,Returned
163518,Returned
163519,Returned
163544,Returned
163608,Returned
163647,Returned
163673,Returned
163833,Returned
163839,Returned
163902,Returned
163933,Returned
164152,Returned
164184,Returned
164187,Returned
164216,Returned
164254,Returned
164282,Returned
164345,Returned
164412,Returned
164504,Returned
164606,Returned
164728,Returned
164888,Returned
164895,Returned
164926,Returned
165151,Returned
165209,Returned
165243,Returned
165403,Returned
165436,Returned
165437,Returned
165465,Returned
165691,Returned
165693,Returned
165820,Returned
165823,Returned
165848,Returned
165852,Returned
165944,Returned
165951,Returned
166137,Returned
166138,Returned
166170,Returned
166200,Returned
166203,Returned
166296,Returned
166302,Returned
166329,Returned
166330,Returned
166332,Returned
166360,Returned
166363,Returned
166392,Returned
166398,Returned
166493,Returned
166686,Returned
166779,Returned
166906,Returned
166940,Returned
166972,Returned
167000,Returned
167036,Returned
167197,Returned
167256,Returned
167322,Returned
167325,Returned
167352,Returned
167391,Returned
167452,Returned
167486,Returned
167516,Returned
167646,Returned
167935,Returned
167965,Returned
168413,Returned
168539,Returned
168571,Returned
168635,Returned
168668,Returned
168733,Returned
168734,Returned
168766,Returned
168958,Returned
168984,Returned
168988,Returned
169023,Returned
169052,Returned
169053,Returned
169177,Returned
169244,Returned
169374,Returned
169434,Returned
169469,Returned
169503,Returned
169531,Returned
169533,Returned
169534,Returned
169565,Returned
169631,Returned
169662,Returned
169726,Returned
169756,Returned
169855,Returned
169881,Returned
169884,Returned
169977,Returned
169981,Returned
170011,Returned
170012,Returned
170015,Returned
170079,Returned
170106,Returned
170169,Returned
170174,Returned
170201,Returned
170236,Returned
170265,Returned
170301,Returned
170360,Returned
170398,Returned
170494,Returned
170621,Returned
170747,Returned
170815,Returned
171161,Returned
171288,Returned
171322,Returned
171353,Returned
171357,Returned
171420,Returned
171483,Returned
171512,Returned
171515,Returned
171576,Returned
171710,Returned
171772,Returned
171839,Returned
171935,Returned
171994,Returned
171998,Returned
172026,Returned
172029,Returned
172283,Returned
172344,Returned
172349,Returned
172442,Returned
172504,Returned
172505,Returned
172602,Returned
172634,Returned
172761,Returned
172762,Returned
172764,Returned
172797,Returned
172799,Returned
172921,Returned
172952,Returned
173016,Returned
173048,Returned
173118,Returned
173147,Returned
173208,Returned
173310,Returned
173338,Returned
173373,Returned
173466,Returned
173563,Returned
173565,Returned
173567,Returned
173594,Returned
173721,Returned
173726,Returned
173786,Returned
173822,Returned
173823,Returned
173849,Returned
173917,Returned
173977,Returned
173983,Returned
174047,Returned
174169,Returned
174171,Returned
174201,Returned
174239,Returned
174269,Returned
174297,Returned
174300,Returned
174395,Returned
174553,Returned
174559,Returned
174584,Returned
174648,Returned
174713,Returned
174813,Returned
174872,Returned
174876,Returned
174879,Returned
174937,Returned
174938,Returned
174940,Returned
174971,Returned
174975,Returned
175035,Returned
175128,Returned
175130,Returned
175195,Returned
175292,Returned
175321,Returned
175324,Returned
175326,Returned
175416,Returned
175448,Returned
175512,Returned
175576,Returned
175578,Returned
175580,Returned
175672,Returned
175673,Returned
175676,Returned
175999,Returned
176024,Returned
176026,Returned
176029,Returned
176120,Returned
176190,Returned
176248,Returned
176378,Returned
176382,Returned
176410,Returned
176443,Returned
176511,Returned
176536,Returned
176572,Returned
176698,Returned
176825,Returned
176955,Returned
177051,Returned
177053,Returned
177081,Returned
177151,Returned
177180,Returned
177214,Returned
177243,Returned
177274,Returned
177279,Returned
177336,Returned
177371,Returned
177401,Returned
177407,Returned
177464,Returned
177501,Returned
177534,Returned
177656,Returned
177786,Returned
177850,Returned
177886,Returned
178011,Returned
178040,Returned
178170,Returned
178234,Returned
178235,Returned
178362,Returned
178392,Returned
178425,Returned
178431,Returned
178520,Returned
178621,Returned
178648,Returned
178650,Returned
178651,Returned
178749,Returned
178776,Returned
178777,Returned
178840,Returned
178846,Returned
178874,Returned
178875,Returned
179006,Returned
179101,Returned
179291,Returned
179418,Returned
179420,Returned
179452,Returned
179514,Returned
179768,Returned
179837,Returned
179900,Returned
179931,Returned
180025,Returned
180058,Returned
180059,Returned
180061,Returned
180216,Returned
180287,Returned
180381,Returned
180412,Returned
180507,Returned
180633,Returned
180638,Returned
180639,Returned
180698,Returned
180700,Returned
180760,Returned
180767,Returned
180798,Returned
180861,Returned
180894,Returned
180922,Returned
181054,Returned
181084,Returned
181147,Returned
181181,Returned
181278,Returned
181342,Returned
181372,Returned
181434,Returned
181500,Returned
181528,Returned
181566,Returned
181688,Returned
181755,Returned
181759,Returned
181784,Returned
181851,Returned
181914,Returned
182015,Returned
182072,Returned
182075,Returned
182170,Returned
182233,Returned
182365,Returned
182392,Returned
182492,Returned
182559,Returned
182586,Returned
182680,Returned
182681,Returned
182683,Returned
182750,Returned
182781,Returned
182906,Returned