user_id,name,email,address,state
1000,Kristin Chan,alvarezlawrence@wolf.com,414 Scott Port,NE
1001,Valerie Dean,gardnernicole@hawkins.com,1172 Hudson Mission,UT
1002,Cristian Patterson,bruce24@hotmail.com,874 Scott Valley,WI
1003,Richard Johnson,williamsjoseph@gmail.com,4810 Compton Coves,WA
1004,Mark Rodriguez,christiangaines@harris.com,54950 Cheryl Pine,NY
1005,Lee Ayers,camposkristina@bailey-hutchinson.com,759 Morris Terrace,WV
1006,Melissa Soto,dmoore@hotmail.com,78887 Allen Forge,SC
1007,Frank Murray,randyzavala@hall.biz,66697 Young Tunnel,IA
1008,Chase Strong,jay23@bailey.com,334 White Island,OR
1009,Michael Flores,twhite@yahoo.com,262 Oneal Flats,AZ
1010,Jessica Monroe,srussell@gmail.com,4380 Campbell Pass,TX
1011,Misty Mann,zachary43@yahoo.com,821 Tiffany Parkway Suite 507,CO
1012,Angela Smith,istevens@gmail.com,13894 Elliott Shore Suite 065,FL
1013,Timothy Robertson,janetlamb@gutierrez.net,72067 Bridget Loaf Apt. 580,PA
1014,Timothy Marks,brownelizabeth@gmail.com,54978 Burnett Hills,TN
1015,Rachel Ford,amywilliams@little-garcia.com,53614 Aguirre Falls,AK
1016,Nicholas Hansen,ehowell@hotmail.com,29080 Zachary Path,OH
1017,Michael Smith,michaelfrye@wilson.biz,426 Romero Terrace Suite 750,ND
1018,Joanne Alexander,virginia58@williams.net,2422 Jason Prairie Apt. 353,KY
1019,Michele Huber DDS,fischerkelly@rodriguez-robinson.com,3631 Paula Squares Apt. 986,MN
1020,Colleen Rodriguez,jyoung@johnson.net,2423 Kevin Oval Suite 939,AL
1021,David Oliver,nheath@johnson.biz,4575 Stone Rapid Apt. 844,NY
1022,Maria Donaldson,scottjohnson@gmail.com,77808 Jason Station Apt. 670,WA
1023,Michelle Wright,heatherroberts@mendoza.com,565 Manuel Road Suite 343,IN
1024,Julie Ballard,petersonkimberly@lewis.com,79837 Adam Bypass Apt. 328,NC
1025,Amber Cherry,ywalker@wise.com,169 Steven Drive Apt. 685,NJ
1026,Jose Zimmerman,richardwilliams@hotmail.com,1912 Richardson Mountains,DE
1027,Benjamin Brown,beardalexander@yahoo.com,598 Moore Ports,TN
1028,Angel Smith,jonesluis@yahoo.com,53206 Kayla Mill,CO
1029,Jordan Rose,briggsamanda@morris-elliott.com,0537 Joel Ferry,MT
1030,Christian Wilson,mbaker@gmail.com,2240 Jonathan Keys,WY
1031,Richard Arnold,dlarsen@gmail.com,3449 Amanda Bypass Apt. 787,AL
1032,Anna Brown,michaelpeters@roberts.com,347 Zachary Parks Apt. 330,FL
1033,John Stone,christopherjoseph@larsen.biz,1088 Wood Knolls Apt. 907,WI
1034,Justin Bell,yvance@yahoo.com,89423 Gibson Underpass Suite 342,WV
1035,Christopher Green,martinezdaniel@gmail.com,65862 Stephanie Burg,LA
1036,Laura Henry,owendavid@morris.com,388 Antonio Union,OK
1037,Hannah Summers,kristy48@hotmail.com,26737 Samuel Shoals Suite 768,DC
1038,Mark Hayden,justingordon@yahoo.com,62973 Garner Rue Apt. 301,IL
1039,Denise Reid,charris@goodwin.com,156 Charles Coves,DE
1040,Crystal Hayden,mcneilmichael@hotmail.com,486 Traci Roads,WI
1041,Edward Mcbride,shernandez@blair-rodriguez.info,0934 Susan Lane,NM
1042,Jessica Burke,zoeshepard@blair-kelly.com,68160 Amanda Pike,NM
1043,Kathy Schaefer,wanda75@gillespie-bennett.info,2180 Bradshaw Circles Suite 339,NE
1044,Ashley Rodriguez,gonzalezdanielle@gmail.com,721 Latasha Skyway,IN
1045,Sherri Flores,freyalexis@yahoo.com,73776 Williams Forge Apt. 289,ME
1046,Kathleen Norris,evansandrew@hotmail.com,67016 Mark Ports,WY
1047,Shannon Smith,adamstara@pacheco.com,71693 Matthew Springs Apt. 727,LA
1048,Daniel Fisher Jr.,rubensantiago@hotmail.com,23176 Phyllis Via Suite 780,TX
1049,Ann Green,jenniferlopez@gmail.com,7245 Chavez Mews,ME
1050,Lynn Henderson,owensmichael@allen-travis.net,79733 Hoffman Skyway,AR
1051,Brad Thompson,stephenmitchell@hotmail.com,78246 Barker Unions,OR
1052,Cody Evans,mlarson@myers.com,7322 Hayes Fort,KS
1053,Robert Mata,danielle16@hotmail.com,79694 Castillo Walks,UT
1054,Julia Campos,bcarroll@gmail.com,437 Green Heights,KY
1055,Rebecca Turner MD,galvancrystal@hotmail.com,36315 Jennifer Route Suite 214,UT
1056,Jessica Hall,crystalwalker@wood.com,982 Richard Haven Suite 540,OH
1057,Brittany Taylor,cynthia69@gmail.com,7537 Jackson Ridge Apt. 692,AL
1058,Kathleen Bishop,bradley03@nguyen-humphrey.biz,29790 Alexis Turnpike Apt. 657,CT
1059,Wyatt Ingram,deleoncaleb@yahoo.com,2748 Rojas Stravenue Apt. 506,NY
1060,Christine Barnes,fletchermarissa@gmail.com,774 William Burgs Suite 132,IA
1061,David Harris,danamyers@morrison-cole.com,726 Andrew Drives Suite 426,NC
1062,Adam Carrillo,brianrobinson@ramirez-spears.com,296 Amanda Crest,MS
1063,Matthew Patton,davidmendez@turner.org,40189 Perez Port,WV
1064,Laura Clark,thomas15@gallagher-wong.com,6140 Moore Mills Apt. 744,OH
1065,Rachel Kelly,espinozagarrett@marshall-robinson.org,36863 Audrey Parkway,NE
1066,Gregory Contreras,bjohnson@gmail.com,16212 Gonzales Glen,IL
1067,Melvin Gutierrez,rachelflowers@gmail.com,605 Erica Prairie,MN
1068,Jessica Williams,andreawebster@barnes.com,9599 Margaret Parkway,IL
1069,Christine Patterson,cynthiaibarra@gmail.com,21779 Jill Extension Suite 830,WV
1070,Sarah Ortiz,lisa29@hotmail.com,8972 Rodriguez Vista Suite 102,AL
1071,George Davis MD,georgerodriguez@gmail.com,439 Chan Route,IL
1072,Louis Campbell,woodssarah@mcdonald.com,419 Allen Burg,ID
1073,Christopher Wilson,joshua28@davila.net,9041 Neal Orchard Apt. 240,AL
1074,Jacob Morgan,ybernard@hendrix-carroll.org,836 Stark Alley Apt. 366,WY
1075,Mindy Smith,smiller@gmail.com,944 Anna Mission Apt. 795,OH
1076,Anthony Griffith,davisdavid@yahoo.com,8584 Javier Fort Apt. 221,ME
1077,Victoria Terry,dlambert@hotmail.com,340 Robert Turnpike Suite 901,MT
1078,Jason Phillips,joshuaadams@bennett.biz,4907 King Green,SD
1079,Ronald Hicks,madelineharrell@mcdonald.com,121 Wanda Village Suite 213,GA
1080,Jordan Trevino,walshrebecca@gmail.com,235 Coleman Estate Apt. 397,WV
1081,Crystal Hughes,katherinemartin@hotmail.com,559 Marcus Stravenue,VA
1082,Nicole Lowe,speterson@chung.net,1311 Smith Stravenue,FL
1083,Kevin Yang,kendrahale@miller.biz,538 Wells Island Apt. 462,WV
1084,Julie Harris,cynthiahall@oliver.org,855 David Rapids,ID
1085,Lawrence Brooks,brettanderson@mckee.com,23845 Rebecca Lakes Apt. 359,MD
1086,Jessica Miller,ericareese@mcintyre-fisher.com,9470 Joe Village Suite 199,ID
1087,Allison Hoffman,martinezlaura@martinez.com,55218 Lam Key,KY
1088,Michele Hunt,fishersamantha@graham-choi.com,27158 Katherine Islands,NC
1089,Jessica Aguilar,danielsashley@waters-williams.org,39379 Howard Tunnel Apt. 263,AK
1090,Michael Howard,gmedina@green-graves.com,4600 Mcintosh Tunnel,MS
1091,Linda Hubbard,andrea59@yahoo.com,89550 Brittany Trail,AR
1092,Caroline Haley,michelle86@hotmail.com,721 Davis Lane,FL
1093,Nicholas Martinez,annaespinoza@gmail.com,5150 Wendy Land,NH
1094,Lisa Hernandez,rosechristine@gmail.com,63275 Mann Crossing Suite 860,IL
1095,Raymond Erickson,susanhernandez@holland.com,02157 Sarah Cliffs,MO
1096,Susan Pierce,qclark@martinez.org,69568 Hernandez Circles,MI
1097,Andrew Hancock,zjones@yahoo.com,487 Christopher Valley Apt. 647,DC
1098,Paul Foster,luke96@silva.com,02615 Campbell Tunnel Apt. 604,MN
1099,Dr. Ashley Navarro,amy12@yahoo.com,8985 Kyle Walk,MI
1100,April Knapp,dwilson@fleming.net,604 Kerri Spring Suite 038,LA
1101,Bethany Ruiz,nguyenlisa@hotmail.com,634 Ronald Trail,WA
1102,Melissa Maddox,christopher63@bradford.com,65677 Lyons Lodge,SC
1103,Kristen Davies,wyattadrienne@hotmail.com,11625 Escobar Hills,MD
1104,Jennifer Jackson,tracywood@yahoo.com,4088 Donna Causeway Apt. 046,OK
1105,James Wright,kellybright@gmail.com,423 Tom Point,DC
1106,Andrew Fischer,caleb38@yahoo.com,7764 Brown Divide,ME
1107,Diana Roberson,robinsonrichard@hotmail.com,43740 Eric Street Apt. 289,ME
1108,Robin Williams,phess@newton.com,812 Martin Drive Apt. 587,NJ
1109,William Edwards,dhernandez@hart.biz,93395 Carlos Ways Suite 811,RI
1110,Roy Russell,ymatthews@jones.org,9675 Paul Mews Apt. 962,KS
1111,Destiny Rice,qrocha@wilson.com,1913 Jared Hollow Apt. 721,AR
1112,Joshua Hernandez,ryan38@frazier-thomas.com,024 Casey Fords Suite 825,NJ
1113,Joseph Nguyen,hickmanashley@white-mitchell.biz,9015 Mclean Shoal Suite 597,AR
1114,Mark Delgado,nicholasmercer@simon.com,127 Jessica Ville Suite 614,WY
1115,Emily Nelson,karenwatts@gmail.com,56388 Rivera Neck Apt. 883,OK
1116,Douglas Rollins,qperry@gmail.com,116 Cook Wall Suite 864,WY
1117,Latasha Garcia,jason56@williams.com,1342 Derek Corners Suite 078,AR
1118,Edgar Perry,nelsontonya@obrien-martin.com,333 Jenna Bridge,AL
1119,Kevin Morales,acevedoryan@lopez.com,71165 Kenneth Curve,MD
1120,Sabrina Foster,cynthiawhite@steele-davis.net,5075 Mullins Drive Apt. 298,MD
1121,Joy Parks,robleslisa@gmail.com,2205 Michael Corner,SD
1122,Cynthia Kline,smithjohn@carter.net,49667 Garza Trace Apt. 519,TX
1123,Michael Cook,ewilson@hotmail.com,6387 Curtis Rue Suite 619,KY
1124,Gabrielle Hart,christopherryan@morse.com,64741 Dunn Shore Suite 991,OK
1125,Rachael Cruz,shannon45@gmail.com,1520 Thomas Fields,WY
1126,Eric Jensen,lawrence23@morales-moreno.com,73622 Summers Forges Apt. 214,IL
1127,Sarah Gomez,christopherfry@king.com,0449 Lambert Curve Apt. 438,HI
1128,Betty Smith,harveydavid@gmail.com,867 Webb Crossroad Suite 525,AZ
1129,Courtney Wright,briandouglas@gmail.com,296 Santiago Crossing,WY
1130,Gregory Thompson,carlsoncourtney@yahoo.com,14567 Martin Bypass,WY
1131,Vanessa Smith,barkermitchell@chavez.info,2988 Sampson Neck Apt. 054,VT
1132,Ryan Rose,lauren83@yahoo.com,8872 Crystal Highway,LA
1133,Eric Erickson,jkelly@anderson-flores.net,7751 Clark Lane,VA
1134,Christopher Gilbert,juarezkevin@jones.org,96841 Jeremy Club,IA
1135,Emily Fritz,eddie72@gmail.com,918 Renee Lights,AL
1136,Phillip Hernandez,taylormatthew@smith.com,46535 Crystal Port,OR
1137,John Camacho,matthew72@gmail.com,679 David Well Apt. 197,MN
1138,Alexander Hill,pstokes@hotmail.com,182 Patrick Forges,NC
1139,Joseph Ponce,cooknathan@yahoo.com,93874 Esparza Mountain,KS
1140,Jennifer Blake,bowersjennifer@hotmail.com,9201 Andrea Courts Apt. 332,MI
1141,Tanya Carson,alyssa13@yahoo.com,573 Colin Well,IL
1142,Scott Williams,carsonmatthew@johnston-morales.com,56911 Butler Highway Apt. 732,MI
1143,Dana Kline,enorris@hotmail.com,923 Villegas Islands,DE
1144,Helen Price,halltammy@gmail.com,4598 Madison Gardens Suite 971,MA
1145,Douglas Lee,ashleypratt@jones.com,4290 Jones Mountain Apt. 973,NY
1146,Rebecca Mendoza,jamescastillo@gmail.com,67536 Nathan Place,WI
1147,Diana Bowman,swaters@gmail.com,6571 Karen Trace Suite 415,MS
1148,Kyle Brooks,jblevins@kirby-kim.com,474 Kathy Inlet,MS
1149,Daniel Hill,robertcox@hotmail.com,2309 Joseph Row,KY
1150,Elaine Valdez,jgonzalez@brown-ross.com,85142 Ford Pass,AL
1151,Julie Mccullough,margaretcross@hotmail.com,8076 Elliott Stream Suite 359,ID
1152,Bonnie Hall,michelle54@torres-smith.info,648 John Falls,MA
1153,Johnathan Charles,jennifer92@bridges.com,22678 Hartman Mission,HI
1154,Gabrielle Ortiz,eyoung@smith.org,44181 Chelsea Island Suite 845,NV
1155,Rebecca Watkins,uwright@gmail.com,200 King Radial Suite 238,RI
1156,Sarah Casey DDS,marc39@hotmail.com,23352 Cody Creek,FL
1157,Alejandra Davis,shobbs@roberts-howard.com,0603 Scott Dam,DC
1158,Brenda Stevens,millerwilliam@ward-paul.com,16239 Brian Ridge Suite 392,VA
1159,Clifford Moore,marshallbrian@hotmail.com,083 Andre Via,NM
1160,Jean Rogers,michael79@yahoo.com,88573 Omar Ferry Apt. 753,CO
1161,Beth Rivera,lisarivera@le.com,7813 Ingram Junction Apt. 318,AK
1162,Stephen Brown,grace41@hotmail.com,5155 Stewart Run,MS
1163,Ashley Holmes,sophiajones@rosales.com,805 Cooley Junctions Suite 307,DE
1164,Lauren Foster,halljames@carroll-benson.com,00639 Loretta Vista,ND
1165,Heather Richardson,carolyn62@thompson.com,419 Carrie Cliff,AK
1166,Jennifer Nelson,melissaknight@yahoo.com,327 Tina Mall,AL
1167,Jennifer Chavez,brownmary@perkins.com,907 Johnson Parkways Apt. 080,ND
1168,Terry Vasquez,manningmichael@gmail.com,13819 Amy Way,HI
1169,Erin Williams,martinezronald@keith-frost.com,232 Briggs Walk,WV
1170,Ronald Newman,jennifermorrison@hotmail.com,359 Madison Flats,OK
1171,Timothy Francis,brianwood@gmail.com,381 Tamara Lights Apt. 329,SD
1172,Cathy Weiss,bailey95@gmail.com,092 Lawson Trafficway Suite 028,MT
1173,Jessica Parsons,rita03@yahoo.com,145 Erickson Mews,GA
1174,Mark Villegas,tammy35@gmail.com,85651 Teresa Streets,MN
1175,Mike Chavez,cwoodard@yahoo.com,959 Amanda Track,OR
1176,Amy Pena,ramirezzachary@yahoo.com,579 Susan Springs Apt. 975,MT
1177,Kimberly Palmer,wilsonadriana@cortez.net,09293 Burnett Path Suite 681,NV
1178,Jacqueline Frazier,jessejenkins@yahoo.com,85471 Davis Viaduct Suite 294,AK
1179,Kristen Barron,alexander64@thompson-pearson.org,0535 Hammond Row,MT
1180,Dr. Jacob Rodriguez MD,kristencabrera@ford.biz,46235 Burns Via Apt. 694,MS
1181,Jeanne Casey,oliverdavid@gmail.com,4042 James Courts,FL
1182,Allison Holmes,elong@welch.com,094 Cook Parkways,CO
1183,Sherri Moran,moorenicholas@hampton.org,152 Henderson Road Suite 117,IA
1184,Morgan Patterson,joanne46@yahoo.com,572 Joseph Fort,TX
1185,Deborah Mcconnell,driley@gmail.com,870 Casey Heights Apt. 027,OR
1186,Stephen Williams,michael10@yahoo.com,83228 Ethan Valleys,HI
1187,John Yoder,dbonilla@gmail.com,3000 Scott Path Apt. 248,NM
1188,Melissa Anderson,crystalperez@gmail.com,903 Bauer Meadows,WA
1189,Nancy Gray,tonigrimes@williams-erickson.com,71547 Megan Stravenue Apt. 259,ME
1190,Michelle Austin,andrew31@gmail.com,856 Mills Lakes,MI
1191,Kristin Davis,katherinecook@green.info,32496 Cathy Stravenue,VA
1192,Mr. Ryan Bradley,halllori@yahoo.com,399 Weber Village,VA
1193,Natalie Shelton,wvargas@hotmail.com,705 Sharon Brook,IA
1194,Timothy Cannon Jr.,whitejohn@rice.com,073 Travis Parkway Apt. 102,TN
1195,Debra Moreno,fvazquez@gmail.com,1371 Woods Flats,KS
1196,Julie Lane,jacksonbrian@choi.com,5800 Richard Fork,LA
1197,Phillip Mcdowell,tracey08@dunn.com,306 Evans Drive,MA
1198,Faith Mccoy,thomasmoore@hotmail.com,7326 Dakota Way,DE
1199,Robin Contreras,gina12@yahoo.com,86601 May Lodge Suite 300,NV
