8000,Small Soft Chips,88.00
8001,Rustic Steel Pizza,46.00
8002,Ergonomic Granite Soap,113.00
8003,Rustic Wooden Sausages,16.00
8004,Ergonomic Metal Gloves,17.00
8005,Awesome Cotton Ball,68.00
8006,Sleek Soft Chair,13.00
8007,Unbranded Steel Bacon,52.00
8008,Handcrafted Granite Mouse,34.00
8009,Generic Metal Hat,113.00
8010,Sleek Metal Table,63.00
8011,Awesome Wooden Chips,92.00
8012,Refined Fresh Chicken,49.00
8013,Gorgeous Frozen Chips,30.00
8014,Incredible Soft Chair,87.00
8015,Rustic Soft Tuna,62.00
8016,Unbranded Steel Cheese,36.00
8017,Handmade Frozen Shirt,65.00
8018,Awesome Frozen Chips,105.00
8019,Tasty Metal Keyboard,40.00
8020,Ergonomic Concrete Bike,92.00
8021,Ergonomic Soft Chair,66.00
8022,Intelligent Steel Pizza,79.00
8023,Rustic Granite Bacon,39.00
8024,Intelligent Wooden Keyboard,48.00
8025,Generic Soft Pizza,95.00
8026,Awesome Metal Chips,57.00
8027,Rustic Metal Ball,87.00
8028,Incredible Granite Keyboard,115.00
8029,Sleek Soft Keyboard,91.00
8030,Licensed Frozen Shirt,11.00
8031,Tasty Granite Fish,77.00
8032,Refined Cotton Chair,102.00
8033,Awesome Granite Keyboard,87.00
8034,Fantastic Fresh Shoes,56.00
8035,Generic Concrete Soap,113.00
8036,Small Metal Towels,64.00
8037,Tasty Rubber Pizza,61.00
8038,Unbranded Concrete Towels,80.00
8039,Tasty Soft Tuna,43.00
8040,Awesome Frozen Pizza,83.00
8041,Refined Rubber Chips,26.00
8042,Ergonomic Metal Fish,91.00
8043,Small Concrete Keyboard,100.00
8044,Incredible Steel Pizza,34.00
8045,Awesome Metal Car,13.00
8046,Awesome Cotton Shoes,99.00
8047,Practical Metal Gloves,68.00
8048,Licensed Wooden Hat,100.00
8049,Refined Soft Shirt,77.00
8050,Unbranded Rubber Sausages,82.00
8051,Handcrafted Frozen Pants,110.00
8052,Small Steel Chicken,89.00
8053,Sleek Steel Computer,31.00
8054,Incredible Frozen Hat,14.00
8055,Gorgeous Rubber Mouse,106.00
8056,Fantastic Cotton Bacon,88.00
8057,Awesome Metal Salad,111.00
8058,Practical Fresh Chicken,71.00
8059,Sleek Wooden Bike,9.00
8060,Awesome Fresh Cheese,11.00
8061,Tasty Metal Gloves,41.00
8062,Refined Wooden Sausages,38.00
8063,Fantastic Granite Hat,78.00
8064,Unbranded Soft Bacon,34.00
8065,Tasty Rubber Tuna,107.00
8066,Rustic Frozen Salad,75.00
8067,Refined Plastic Chicken,13.00
8068,Incredible Steel Bike,52.00
8069,Rustic Cotton Soap,10.00
8070,Handmade Metal Sausages,12.00
8071,Awesome Granite Bike,60.00
8072,Awesome Cotton Mouse,17.00
8073,Unbranded Concrete Tuna,30.00
8074,Unbranded Metal Salad,84.00
8075,Gorgeous Plastic Table,32.00
8076,Refined Metal Sausages,28.00
8077,Ergonomic Frozen Car,24.00
8078,Handcrafted Rubber Towels,51.00
8079,Handmade Frozen Soap,18.00
8080,Handcrafted Wooden Bike,13.00
8081,Practical Rubber Cheese,101.00
8082,Ergonomic Soft Fish,70.00
8083,Generic Rubber Mouse,40.00
8084,Sleek Cotton Tuna,27.00
8085,Tasty Soft Keyboard,73.00
8086,Ergonomic Rubber Tuna,61.00
8087,Rustic Plastic Mouse,82.00
8088,Tasty Steel Car,12.00
8089,Sleek Granite Table,108.00
8090,Sleek Steel Salad,44.00
8091,Sleek Frozen Shirt,113.00
8092,Refined Rubber Chicken,101.00
8093,Ergonomic Rubber Chips,41.00
8094,Awesome Plastic Sausages,28.00
8095,Awesome Steel Tuna,44.00
8096,Rustic Soft Towels,11.00
8097,Awesome Concrete Shoes,82.00
8098,Rustic Metal Shoes,89.00
8099,Handmade Wooden Salad,38.00
8100,Fantastic Plastic Shirt,98.00
8101,Awesome Concrete Pizza,93.00
8102,Licensed Frozen Mouse,41.00
8103,Gorgeous Rubber Shoes,21.00
8104,Practical Steel Car,45.00
8105,Gorgeous Soft Mouse,65.00
8106,Licensed Concrete Fish,21.00
8107,Unbranded Cotton Gloves,37.00
8108,Gorgeous Fresh Bike,11.00
8109,Handcrafted Rubber Chair,65.00
8110,Incredible Fresh Pants,90.00
8111,Handmade Frozen Pants,4.00
8112,Ergonomic Concrete Cheese,114.00
8113,Tasty Plastic Mouse,2.00
8114,Sleek Metal Towels,80.00
8115,Practical Soft Table,100.00
8116,Practical Plastic Chair,10.00
8117,Small Steel Fish,66.00
8118,Sleek Wooden Pants,45.00
8119,Unbranded Metal Mouse,23.00
8120,Licensed Cotton Computer,69.00
8121,Handmade Soft Bacon,34.00
8122,Incredible Steel Shirt,27.00
8123,Gorgeous Cotton Shoes,16.00
8124,Gorgeous Concrete Bike,47.00
8125,Fantastic Frozen Chips,25.00
8126,Intelligent Rubber Chair,58.00
8127,Generic Soft Mouse,104.00
8128,Gorgeous Fresh Tuna,50.00
8129,Unbranded Granite Ball,72.00
8130,Small Metal Bike,112.00
8131,Tasty Granite Gloves,38.00
8132,Gorgeous Soft Gloves,29.00
8133,Refined Fresh Gloves,94.00
8134,Fantastic Steel Towels,113.00
8135,Generic Soft Towels,28.00
8136,Practical Rubber Hat,57.00
8137,Rustic Metal Computer,55.00
8138,Intelligent Plastic Shirt,10.00
8139,Practical Concrete Bike,29.00
8140,Licensed Fresh Keyboard,23.00
8141,Refined Plastic Towels,107.00
8142,Awesome Steel Chair,9.00
8143,Practical Frozen Tuna,47.00
8144,Awesome Frozen Hat,81.00
8145,Fantastic Fresh Chicken,85.00
8146,Licensed Steel Shoes,59.00
8147,Sleek Granite Bike,15.00
8148,Awesome Granite Table,74.00
8149,Small Cotton Pizza,41.00
